date,Trauma
2016-01-01,10.35
2016-01-02,11.18
2016-01-03,13.46
2016-01-04,15.12
2016-01-05,17.19
2016-01-06,16.77
2016-01-07,16.36
2016-01-08,17.19
2016-01-09,12.63
2016-01-10,13.05
2016-01-11,16.57
2016-01-12,17.19
2016-01-13,18.22
2016-01-14,15.32
2016-01-15,15.53
2016-01-16,13.87
2016-01-17,13.67
2016-01-18,15.53
2016-01-19,16.98
2016-01-20,17.6
2016-01-21,16.77
2016-01-22,16.36
2016-01-23,13.82
2016-01-24,13.6
2016-01-25,17.49
2016-01-26,18.35
2016-01-27,18.78
2016-01-28,18.78
2016-01-29,16.41
2016-01-30,14.03
2016-01-31,15.76
2016-02-01,17.7
2016-02-02,17.92
2016-02-03,18.13
2016-02-04,17.27
2016-02-05,20.72
2016-02-06,15.11
2016-02-07,15.11
2016-02-08,16.62
2016-02-09,18.35
2016-02-10,17.49
2016-02-11,18.13
2016-02-12,17.92
2016-02-13,14.46
2016-02-14,13.6
2016-02-15,16.84
2016-02-16,17.7
2016-02-17,19.64
2016-02-18,19.86
2016-02-19,15.97
2016-02-20,14.25
2016-02-21,15.11
2016-02-22,18.13
2016-02-23,17.92
2016-02-24,17.92
2016-02-25,18.35
2016-02-26,17.27
2016-02-27,14.25
2016-02-28,15.54
2016-02-29,17.05
2016-03-01,20.72
2016-03-02,19.86
2016-03-03,20.72
2016-03-04,17.27
2016-03-05,14.68
2016-03-06,15.11
2016-03-07,17.05
2016-03-08,17.92
2016-03-09,17.92
2016-03-10,16.62
2016-03-11,17.27
2016-03-12,14.68
2016-03-13,13.6
2016-03-14,17.92
2016-03-15,17.27
2016-03-16,18.13
2016-03-17,17.49
2016-03-18,17.05
2016-03-19,13.6
2016-03-20,14.03
2016-03-21,18.35
2016-03-22,18.56
2016-03-23,17.05
2016-03-24,18.13
2016-03-25,16.19
2016-03-26,14.03
2016-03-27,12.3
2016-03-28,17.7
2016-03-29,18.56
2016-03-30,19.0
2016-03-31,18.13
2016-04-01,16.41
2016-04-02,14.25
2016-04-03,15.76
2016-04-04,18.13
2016-04-05,19.21
2016-04-06,19.64
2016-04-07,17.7
2016-04-08,17.05
2016-04-09,14.25
2016-04-10,14.68
2016-04-11,20.29
2016-04-12,20.29
2016-04-13,19.43
2016-04-14,20.94
2016-04-15,17.92
2016-04-16,15.33
2016-04-17,14.68
2016-04-18,18.56
2016-04-19,20.08
2016-04-20,19.86
2016-04-21,18.13
2016-04-22,17.27
2016-04-23,15.54
2016-04-24,15.11
2016-04-25,18.56
2016-04-26,18.13
2016-04-27,17.49
2016-04-28,17.7
2016-04-29,16.84
2016-04-30,15.11
2016-05-01,14.03
2016-05-02,18.35
2016-05-03,19.43
2016-05-04,17.7
2016-05-05,17.7
2016-05-06,16.84
2016-05-07,13.38
2016-05-08,12.52
2016-05-09,18.35
2016-05-10,20.94
2016-05-11,18.13
2016-05-12,17.92
2016-05-13,16.84
2016-05-14,13.17
2016-05-15,14.46
2016-05-16,17.7
2016-05-17,18.35
2016-05-18,18.13
2016-05-19,19.0
2016-05-20,16.41
2016-05-21,14.03
2016-05-22,12.95
2016-05-23,17.27
2016-05-24,18.13
2016-05-25,16.84
2016-05-26,16.41
2016-05-27,15.33
2016-05-28,13.38
2016-05-29,13.82
2016-05-30,13.17
2016-05-31,17.05
2016-06-01,18.56
2016-06-02,16.84
2016-06-03,15.76
2016-06-04,14.46
2016-06-05,13.6
2016-06-06,16.41
2016-06-07,17.27
2016-06-08,17.92
2016-06-09,18.13
2016-06-10,16.41
2016-06-11,14.25
2016-06-12,18.35
2016-06-13,18.78
2016-06-14,21.59
2016-06-15,19.64
2016-06-16,17.49
2016-06-17,16.62
2016-06-18,14.68
2016-06-19,13.17
2016-06-20,17.27
2016-06-21,19.56
2016-06-22,18.06
2016-06-23,17.63
2016-06-24,16.34
2016-06-25,13.76
2016-06-26,13.97
2016-06-27,16.12
2016-06-28,18.06
2016-06-29,17.84
2016-06-30,17.41
2016-07-01,15.05
2016-07-02,12.25
2016-07-03,14.4
2016-07-04,14.4
2016-07-05,18.49
2016-07-06,18.06
2016-07-07,18.06
2016-07-08,17.63
2016-07-09,14.62
2016-07-10,14.19
2016-07-11,19.56
2016-07-12,19.78
2016-07-13,18.06
2016-07-14,16.98
2016-07-15,15.91
2016-07-16,14.4
2016-07-17,15.26
2016-07-18,17.2
2016-07-19,17.41
2016-07-20,18.7
2016-07-21,17.41
2016-07-22,16.34
2016-07-23,13.33
2016-07-24,15.26
2016-07-25,15.91
2016-07-26,17.2
2016-07-27,16.98
2016-07-28,16.12
2016-07-29,15.69
2016-07-30,13.76
2016-07-31,13.11
2016-08-01,19.78
2016-08-02,18.27
2016-08-03,18.06
2016-08-04,17.84
2016-08-05,15.48
2016-08-06,11.61
2016-08-07,12.9
2016-08-08,16.12
2016-08-09,15.91
2016-08-10,16.77
2016-08-11,17.2
2016-08-12,14.62
2016-08-13,13.11
2016-08-14,12.68
2016-08-15,16.12
2016-08-16,15.91
2016-08-17,16.12
2016-08-18,16.77
2016-08-19,16.55
2016-08-20,13.54
2016-08-21,11.61
2016-08-22,16.34
2016-08-23,19.13
2016-08-24,17.41
2016-08-25,16.34
2016-08-26,16.34
2016-08-27,12.25
2016-08-28,12.47
2016-08-29,17.2
2016-08-30,17.41
2016-08-31,17.41
2016-09-01,16.77
2016-09-02,16.55
2016-09-03,13.76
2016-09-04,14.62
2016-09-05,13.54
2016-09-06,17.63
2016-09-07,16.98
2016-09-08,18.27
2016-09-09,16.77
2016-09-10,13.11
2016-09-11,13.76
2016-09-12,18.49
2016-09-13,18.92
2016-09-14,19.13
2016-09-15,18.27
2016-09-16,16.98
2016-09-17,14.83
2016-09-18,14.19
2016-09-19,20.42
2016-09-20,19.56
2016-09-21,18.92
2016-09-22,18.7
2016-09-23,17.63
2016-09-24,15.05
2016-09-25,14.62
2016-09-26,20.42
2016-09-27,17.63
2016-09-28,19.13
2016-09-29,21.5
2016-09-30,17.41
2016-10-01,12.9
2016-10-02,13.97
2016-10-03,16.77
2016-10-04,19.78
2016-10-05,17.2
2016-10-06,18.06
2016-10-07,16.55
2016-10-08,12.25
2016-10-09,13.54
2016-10-10,17.63
2016-10-11,18.27
2016-10-12,18.49
2016-10-13,18.92
2016-10-14,16.98
2016-10-15,14.4
2016-10-16,14.4
2016-10-17,20.21
2016-10-18,18.06
2016-10-19,19.13
2016-10-20,18.7
2016-10-21,16.98
2016-10-22,13.11
2016-10-23,14.19
2016-10-24,19.99
2016-10-25,18.49
2016-10-26,20.64
2016-10-27,20.85
2016-10-28,17.63
2016-10-29,13.97
2016-10-30,14.4
2016-10-31,17.41
2016-11-01,21.07
2016-11-02,17.41
2016-11-03,16.98
2016-11-04,16.34
2016-11-05,13.54
2016-11-06,13.97
2016-11-07,19.56
2016-11-08,16.77
2016-11-09,12.68
2016-11-10,18.27
2016-11-11,17.2
2016-11-12,14.19
2016-11-13,15.26
2016-11-14,20.21
2016-11-15,19.56
2016-11-16,20.85
2016-11-17,20.21
2016-11-18,18.81
2016-11-19,15.22
2016-11-20,13.66
2016-11-21,16.57
2016-11-22,17.24
2016-11-23,15.22
2016-11-24,9.63
2016-11-25,10.3
2016-11-26,11.87
2016-11-27,13.66
2016-11-28,17.91
2016-11-29,19.7
2016-11-30,20.15
2016-12-01,18.58
2016-12-02,16.57
2016-12-03,13.21
2016-12-04,13.88
2016-12-05,19.48
2016-12-06,20.15
2016-12-07,19.25
2016-12-08,19.7
2016-12-09,16.34
2016-12-10,12.98
2016-12-11,13.21
2016-12-12,15.67
2016-12-13,19.25
2016-12-14,17.69
2016-12-15,16.12
2016-12-16,14.78
2016-12-17,12.98
2016-12-18,12.09
2016-12-19,14.33
2016-12-20,15.0
2016-12-21,14.78
2016-12-22,13.66
2016-12-23,12.31
2016-12-24,9.4
2016-12-25,8.95
2016-12-26,10.75
2016-12-27,13.66
2016-12-28,14.78
2016-12-29,13.88
2016-12-30,13.66
2016-12-31,10.97
2017-01-01,9.85
2017-01-02,12.31
2017-01-03,14.78
2017-01-04,17.24
2017-01-05,17.46
2017-01-06,15.89
2017-01-07,12.76
2017-01-08,12.98
2017-01-09,15.89
2017-01-10,17.24
2017-01-11,17.46
2017-01-12,17.69
2017-01-13,16.79
2017-01-14,13.88
2017-01-15,13.43
2017-01-16,15.22
2017-01-17,17.01
2017-01-18,19.03
2017-01-19,19.03
2017-01-20,15.45
2017-01-21,12.98
2017-01-22,13.66
2017-01-23,16.79
2017-01-24,19.48
2017-01-25,18.36
2017-01-26,16.57
2017-01-27,17.24
2017-01-28,15.0
2017-01-29,13.43
2017-01-30,18.58
2017-01-31,19.25
2017-02-01,20.15
2017-02-02,18.58
2017-02-03,17.46
2017-02-04,14.33
2017-02-05,14.55
2017-02-06,17.69
2017-02-07,20.6
2017-02-08,20.15
2017-02-09,19.7
2017-02-10,18.81
2017-02-11,15.45
2017-02-12,13.43
2017-02-13,17.91
2017-02-14,18.58
2017-02-15,19.03
2017-02-16,20.15
2017-02-17,19.7
2017-02-18,14.78
2017-02-19,14.78
2017-02-20,17.91
2017-02-21,20.6
2017-02-22,20.6
2017-02-23,19.25
2017-02-24,17.24
2017-02-25,13.66
2017-02-26,15.45
2017-02-27,19.03
2017-02-28,20.15
2017-03-01,19.92
2017-03-02,20.82
2017-03-03,18.81
2017-03-04,14.33
2017-03-05,16.12
2017-03-06,20.15
2017-03-07,19.92
2017-03-08,19.25
2017-03-09,19.03
2017-03-10,18.58
2017-03-11,15.89
2017-03-12,15.89
2017-03-13,21.04
2017-03-14,19.48
2017-03-15,20.37
2017-03-16,19.03
2017-03-17,16.57
2017-03-18,14.78
2017-03-19,15.67
2017-03-20,19.92
2017-03-21,22.39
2017-03-22,21.27
2017-03-23,20.82
2017-03-24,17.01
2017-03-25,14.55
2017-03-26,17.01
2017-03-27,20.37
2017-03-28,20.6
2017-03-29,20.15
2017-03-30,20.15
2017-03-31,17.46
2017-04-01,14.1
2017-04-02,14.1
2017-04-03,19.92
2017-04-04,19.92
2017-04-05,21.27
2017-04-06,20.6
2017-04-07,17.69
2017-04-08,15.89
2017-04-09,14.78
2017-04-10,20.6
2017-04-11,21.27
2017-04-12,20.37
2017-04-13,20.6
2017-04-14,17.46
2017-04-15,14.1
2017-04-16,14.33
2017-04-17,19.73
2017-04-18,20.09
2017-04-19,20.09
2017-04-20,20.79
2017-04-21,17.62
2017-04-22,15.15
2017-04-23,15.86
2017-04-24,21.5
2017-04-25,22.55
2017-04-26,21.5
2017-04-27,21.14
2017-04-28,16.91
2017-04-29,15.86
2017-04-30,17.27
2017-05-01,20.09
2017-05-02,21.5
2017-05-03,21.85
2017-05-04,20.09
2017-05-05,18.68
2017-05-06,13.74
2017-05-07,15.15
2017-05-08,21.14
2017-05-09,21.14
2017-05-10,18.68
2017-05-11,20.09
2017-05-12,17.97
2017-05-13,14.8
2017-05-14,12.33
2017-05-15,17.97
2017-05-16,18.32
2017-05-17,18.68
2017-05-18,16.91
2017-05-19,16.91
2017-05-20,13.39
2017-05-21,15.15
2017-05-22,16.56
2017-05-23,19.03
2017-05-24,17.97
2017-05-25,17.97
2017-05-26,15.86
2017-05-27,13.04
2017-05-28,12.33
2017-05-29,14.45
2017-05-30,16.91
2017-05-31,17.62
2017-06-01,17.97
2017-06-02,17.62
2017-06-03,13.39
2017-06-04,13.74
2017-06-05,16.91
2017-06-06,17.27
2017-06-07,21.14
2017-06-08,17.27
2017-06-09,17.27
2017-06-10,13.39
2017-06-11,14.45
2017-06-12,17.27
2017-06-13,17.62
2017-06-14,19.38
2017-06-15,18.68
2017-06-16,16.56
2017-06-17,12.33
2017-06-18,14.45
2017-06-19,17.62
2017-06-20,17.27
2017-06-21,17.62
2017-06-22,17.27
2017-06-23,16.21
2017-06-24,13.74
2017-06-25,14.45
2017-06-26,17.62
2017-06-27,17.27
2017-06-28,17.97
2017-06-29,18.32
2017-06-30,16.56
2017-07-01,13.04
2017-07-02,14.45
2017-07-03,15.15
2017-07-04,14.1
2017-07-05,16.91
2017-07-06,17.27
2017-07-07,17.62
2017-07-08,15.86
2017-07-09,14.45
2017-07-10,17.62
2017-07-11,18.68
2017-07-12,17.62
2017-07-13,18.68
2017-07-14,17.27
2017-07-15,14.45
2017-07-16,15.15
2017-07-17,17.97
2017-07-18,18.68
2017-07-19,18.68
2017-07-20,18.68
2017-07-21,16.91
2017-07-22,13.04
2017-07-23,14.8
2017-07-24,16.91
2017-07-25,18.68
2017-07-26,19.03
2017-07-27,18.32
2017-07-28,15.15
2017-07-29,14.45
2017-07-30,15.15
2017-07-31,17.27
2017-08-01,17.97
2017-08-02,19.38
2017-08-03,17.97
2017-08-04,15.5
2017-08-05,14.1
2017-08-06,14.1
2017-08-07,16.56
2017-08-08,19.73
2017-08-09,20.09
2017-08-10,19.03
2017-08-11,16.21
2017-08-12,13.04
2017-08-13,13.74
2017-08-14,17.27
2017-08-15,17.62
2017-08-16,17.62
2017-08-17,16.91
2017-08-18,15.86
2017-08-19,13.04
2017-08-20,13.74
2017-08-21,14.45
2017-08-22,16.91
2017-08-23,16.91
2017-08-24,16.91
2017-08-25,15.86
2017-08-26,11.98
2017-08-27,13.39
2017-08-28,17.27
2017-08-29,17.27
2017-08-30,19.03
2017-08-31,18.32
2017-09-01,16.21
2017-09-02,13.04
2017-09-03,14.8
2017-09-04,16.56
2017-09-05,18.68
2017-09-06,18.32
2017-09-07,19.73
2017-09-08,16.56
2017-09-09,13.74
2017-09-10,13.74
2017-09-11,19.03
2017-09-12,16.91
2017-09-13,20.44
2017-09-14,18.32
2017-09-15,17.27
2017-09-16,14.8
2017-09-17,15.5
2017-09-18,19.73
2017-09-19,21.85
2017-09-20,20.44
2017-09-21,19.73
2017-09-22,17.62
2017-09-23,14.8
2017-09-24,14.1
2017-09-25,19.73
2017-09-26,20.44
2017-09-27,22.2
2017-09-28,22.55
2017-09-29,21.85
2017-09-30,16.21
2017-10-01,16.21
2017-10-02,35.24
2017-10-03,32.07
2017-10-04,26.43
2017-10-05,28.54
2017-10-06,24.31
2017-10-07,19.03
2017-10-08,17.62
2017-10-09,22.55
2017-10-10,24.67
2017-10-11,24.31
2017-10-12,24.67
2017-10-13,29.25
2017-10-14,20.09
2017-10-15,25.02
2017-10-16,29.95
2017-10-17,28.19
2017-10-18,26.43
2017-10-19,24.67
2017-10-20,22.55
2017-10-21,17.97
2017-10-22,23.61
2017-10-23,22.2
2017-10-24,25.02
2017-10-25,23.61
2017-10-26,22.9
2017-10-27,20.09
2017-10-28,16.56
2017-10-29,17.27
2017-10-30,21.14
2017-10-31,22.2
2017-11-01,22.2
2017-11-02,21.5
2017-11-03,21.85
2017-11-04,14.45
2017-11-05,16.56
2017-11-06,23.26
2017-11-07,23.26
2017-11-08,22.55
2017-11-09,22.9
2017-11-10,20.44
2017-11-11,17.27
2017-11-12,16.91
2017-11-13,22.9
2017-11-14,24.31
2017-11-15,23.96
2017-11-16,23.26
2017-11-17,21.5
2017-11-18,16.56
2017-11-19,16.56
2017-11-20,26.43
2017-11-21,26.78
2017-11-22,26.78
2017-11-23,18.68
2017-11-24,16.91
2017-11-25,18.32
2017-11-26,19.03
2017-11-27,21.5
2017-11-28,25.72
2017-11-29,24.31
2017-11-30,22.55
2017-12-01,22.55
2017-12-02,18.68
2017-12-03,17.97
2017-12-04,22.55
2017-12-05,29.6
2017-12-06,23.61
2017-12-07,22.9
2017-12-08,20.44
2017-12-09,15.86
2017-12-10,16.21
2017-12-11,21.14
2017-12-12,21.85
2017-12-13,21.5
2017-12-14,21.14
2017-12-15,20.79
2017-12-16,14.45
2017-12-17,15.86
2017-12-18,18.32
2017-12-19,17.27
2017-12-20,17.62
2017-12-21,16.91
2017-12-22,15.5
2017-12-23,14.1
2017-12-24,13.04
2017-12-25,11.63
2017-12-26,13.74
2017-12-27,16.56
2017-12-28,16.56
2017-12-29,16.21
2017-12-30,15.15
2017-12-31,13.74
2018-01-01,12.69
2018-01-02,16.91
2018-01-03,19.03
2018-01-04,19.03
2018-01-05,18.68
2018-01-06,14.1
2018-01-07,15.86
2018-01-08,19.03
2018-01-09,20.79
2018-01-10,21.85
2018-01-11,21.14
2018-01-12,19.73
2018-01-13,16.91
2018-01-14,16.21
2018-01-15,16.91
2018-01-16,20.79
2018-01-17,20.44
2018-01-18,21.14
2018-01-19,20.79
2018-01-20,16.91
2018-01-21,16.91
2018-01-22,21.14
2018-01-23,21.5
2018-01-24,23.26
2018-01-25,22.55
2018-01-26,22.2
2018-01-27,18.32
2018-01-28,17.97
2018-01-29,23.61
2018-01-30,22.9
2018-01-31,22.2
2018-02-01,22.9
2018-02-02,21.5
2018-02-03,19.03
2018-02-04,18.32
2018-02-05,20.44
2018-02-06,23.96
2018-02-07,22.55
2018-02-08,23.96
2018-02-09,21.85
2018-02-10,18.68
2018-02-11,21.88
2018-02-12,22.57
2018-02-13,23.59
2018-02-14,23.59
2018-02-15,23.93
2018-02-16,21.88
2018-02-17,17.78
2018-02-18,18.46
2018-02-19,21.88
2018-02-20,24.28
2018-02-21,26.33
2018-02-22,24.28
2018-02-23,21.88
2018-02-24,18.12
2018-02-25,19.15
2018-02-26,23.25
2018-02-27,23.93
2018-02-28,23.93
2018-03-01,24.96
2018-03-02,23.25
2018-03-03,18.81
2018-03-04,20.52
2018-03-05,23.93
2018-03-06,25.64
2018-03-07,24.96
2018-03-08,23.59
2018-03-09,23.25
2018-03-10,21.88
2018-03-11,22.57
2018-03-12,31.12
2018-03-13,29.06
2018-03-14,25.64
2018-03-15,25.64
2018-03-16,22.91
2018-03-17,18.46
2018-03-18,19.49
2018-03-19,23.59
2018-03-20,25.64
2018-03-21,24.28
2018-03-22,26.33
2018-03-23,23.59
2018-03-24,18.46
2018-03-25,19.15
2018-03-26,24.28
2018-03-27,25.99
2018-03-28,24.62
2018-03-29,23.93
2018-03-30,21.54
2018-03-31,18.81
2018-04-01,17.44
2018-04-02,21.2
2018-04-03,26.67
2018-04-04,27.01
2018-04-05,25.3
2018-04-06,22.23
2018-04-07,19.15
2018-04-08,18.12
2018-04-09,25.99
2018-04-10,27.01
2018-04-11,27.01
2018-04-12,26.33
2018-04-13,22.57
2018-04-14,19.15
2018-04-15,19.49
2018-04-16,24.62
2018-04-17,26.67
2018-04-18,27.01
2018-04-19,28.38
2018-04-20,23.59
2018-04-21,19.15
2018-04-22,21.2
2018-04-23,25.3
2018-04-24,25.99
2018-04-25,25.64
2018-04-26,23.93
2018-04-27,22.57
2018-04-28,18.46
2018-04-29,19.15
2018-04-30,22.91
2018-05-01,23.25
2018-05-02,24.62
2018-05-03,27.01
2018-05-04,21.88
2018-05-05,16.75
2018-05-06,18.12
2018-05-07,22.57
2018-05-08,23.93
2018-05-09,24.62
2018-05-10,24.28
2018-05-11,21.54
2018-05-12,15.39
2018-05-13,15.73
2018-05-14,22.57
2018-05-15,22.23
2018-05-16,22.57
2018-05-17,22.23
2018-05-18,22.91
2018-05-19,16.07
2018-05-20,17.1
2018-05-21,22.23
2018-05-22,22.57
2018-05-23,22.23
2018-05-24,23.59
2018-05-25,20.86
2018-05-26,15.39
2018-05-27,15.73
2018-05-28,16.41
2018-05-29,21.54
2018-05-30,21.54
2018-05-31,22.91
2018-06-01,21.2
2018-06-02,16.75
2018-06-03,18.12
2018-06-04,21.54
2018-06-05,20.86
2018-06-06,20.86
2018-06-07,20.86
2018-06-08,20.52
2018-06-09,16.41
2018-06-10,15.73
2018-06-11,21.2
2018-06-12,21.2
2018-06-13,21.2
2018-06-14,21.2
2018-06-15,20.52
2018-06-16,15.73
2018-06-17,15.04
2018-06-18,34.19
2018-06-19,28.72
2018-06-20,24.28
2018-06-21,21.88
2018-06-22,20.52
2018-06-23,15.39
2018-06-24,17.1
2018-06-25,19.83
2018-06-26,22.23
2018-06-27,21.54
2018-06-28,23.93
2018-06-29,19.83
2018-06-30,15.39
2018-07-01,16.75
2018-07-02,19.15
2018-07-03,18.12
2018-07-04,16.75
2018-07-05,18.46
2018-07-06,18.81
2018-07-07,15.39
2018-07-08,15.73
2018-07-09,20.86
2018-07-10,22.23
2018-07-11,23.13
2018-07-12,21.76
2018-07-13,18.73
2018-07-14,17.07
2018-07-15,15.97
2018-07-16,21.48
2018-07-17,22.03
2018-07-18,23.41
2018-07-19,23.13
2018-07-20,19.83
2018-07-21,16.25
2018-07-22,16.52
2018-07-23,22.03
2018-07-24,22.03
2018-07-25,22.03
2018-07-26,23.13
2018-07-27,21.48
2018-07-28,15.97
2018-07-29,18.73
2018-07-30,20.93
2018-07-31,22.31
2018-08-01,22.03
2018-08-02,21.76
2018-08-03,19.0
2018-08-04,17.07
2018-08-05,17.07
2018-08-06,21.2
2018-08-07,22.58
2018-08-08,22.58
2018-08-09,21.2
2018-08-10,20.1
2018-08-11,14.6
2018-08-12,17.35
2018-08-13,22.58
2018-08-14,22.58
2018-08-15,22.58
2018-08-16,22.31
2018-08-17,19.55
2018-08-18,15.7
2018-08-19,17.9
2018-08-20,21.48
2018-08-21,21.48
2018-08-22,22.86
2018-08-23,23.68
2018-08-24,20.93
2018-08-25,16.52
2018-08-26,15.97
2018-08-27,22.03
2018-08-28,23.13
2018-08-29,23.41
2018-08-30,21.48
2018-08-31,19.28
2018-09-01,14.04
2018-09-02,15.97
2018-09-03,17.35
2018-09-04,20.65
2018-09-05,22.03
2018-09-06,22.86
2018-09-07,20.93
2018-09-08,15.97
2018-09-09,17.62
2018-09-10,20.93
2018-09-11,22.03
2018-09-12,22.58
2018-09-13,22.31
2018-09-14,20.65
2018-09-15,15.97
2018-09-16,17.62
2018-09-17,22.86
2018-09-18,23.68
2018-09-19,23.68
2018-09-20,22.31
2018-09-21,22.58
2018-09-22,17.62
2018-09-23,19.0
2018-09-24,24.51
2018-09-25,23.68
2018-09-26,24.51
2018-09-27,27.54
2018-09-28,23.41
2018-09-29,20.38
2018-09-30,17.35
2018-10-01,24.51
2018-10-02,24.23
2018-10-03,26.99
2018-10-04,23.96
2018-10-05,22.31
2018-10-06,16.8
2018-10-07,16.8
2018-10-08,24.23
2018-10-09,23.68
2018-10-10,24.23
2018-10-11,23.41
2018-10-12,22.58
2018-10-13,18.18
2018-10-14,18.45
2018-10-15,23.41
2018-10-16,26.99
2018-10-17,24.78
2018-10-18,26.71
2018-10-19,23.13
2018-10-20,16.52
2018-10-21,18.45
2018-10-22,24.51
2018-10-23,25.06
2018-10-24,23.13
2018-10-25,24.78
2018-10-26,23.96
2018-10-27,17.35
2018-10-28,17.07
2018-10-29,23.68
2018-10-30,25.34
2018-10-31,22.86
2018-11-01,25.06
2018-11-02,22.31
2018-11-03,19.28
2018-11-04,18.73
2018-11-05,23.96
2018-11-06,22.58
2018-11-07,22.58
2018-11-08,24.51
2018-11-09,23.41
2018-11-10,18.45
2018-11-11,17.07
2018-11-12,23.13
2018-11-13,26.71
2018-11-14,26.71
2018-11-15,23.96
2018-11-16,22.86
2018-11-17,17.35
2018-11-18,18.73
2018-11-19,22.58
2018-11-20,21.76
2018-11-21,20.38
2018-11-22,12.94
2018-11-23,12.94
2018-11-24,15.42
2018-11-25,16.52
2018-11-26,22.31
2018-11-27,22.31
2018-11-28,26.71
2018-11-29,24.78
2018-11-30,23.41
2018-12-01,18.73
2018-12-02,18.45
2018-12-03,23.68
2018-12-04,25.89
2018-12-05,23.96
2018-12-06,24.23
2018-12-07,20.65
2018-12-08,15.9
2018-12-09,17.02
2018-12-10,23.44
2018-12-11,25.39
2018-12-12,21.76
2018-12-13,23.44
2018-12-14,21.21
2018-12-15,16.18
2018-12-16,15.63
2018-12-17,19.81
2018-12-18,20.93
2018-12-19,20.65
2018-12-20,20.37
2018-12-21,17.3
2018-12-22,12.84
2018-12-23,12.84
2018-12-24,14.23
2018-12-25,11.16
2018-12-26,15.07
2018-12-27,17.58
2018-12-28,17.02
2018-12-29,14.79
2018-12-30,14.51
2018-12-31,15.35
2019-01-01,13.67
2019-01-02,19.53
2019-01-03,20.37
2019-01-04,20.37
2019-01-05,14.51
2019-01-06,16.18
2019-01-07,20.37
2019-01-08,22.32
2019-01-09,22.04
2019-01-10,22.88
2019-01-11,20.65
2019-01-12,16.74
2019-01-13,16.46
2019-01-14,22.6
2019-01-15,24.0
2019-01-16,23.16
2019-01-17,23.44
2019-01-18,20.65
2019-01-19,17.02
2019-01-20,15.07
2019-01-21,18.69
2019-01-22,22.04
2019-01-23,23.44
2019-01-24,22.88
2019-01-25,22.32
2019-01-26,18.69
2019-01-27,18.14
2019-01-28,22.32
2019-01-29,22.04
2019-01-30,23.44
2019-01-31,24.27
2019-02-01,23.16
2019-02-02,18.69
2019-02-03,18.14
2019-02-04,25.39
2019-02-05,24.83
2019-02-06,24.83
2019-02-07,24.0
2019-02-08,24.0
2019-02-09,17.58
2019-02-10,19.53
2019-02-11,22.32
2019-02-12,25.95
2019-02-13,24.27
2019-02-14,23.72
2019-02-15,23.44
2019-02-16,16.74
2019-02-17,17.58
2019-02-18,24.0
2019-02-19,25.67
2019-02-20,25.95
2019-02-21,25.11
2019-02-22,23.16
2019-02-23,18.14
2019-02-24,18.69
2019-02-25,24.83
2019-02-26,25.67
2019-02-27,26.51
2019-02-28,25.67
2019-03-01,24.0
2019-03-02,19.53
2019-03-03,18.42
2019-03-04,24.0
2019-03-05,26.79
2019-03-06,25.67
2019-03-07,26.23
2019-03-08,24.0
2019-03-09,17.3
2019-03-10,19.81
2019-03-11,24.83
2019-03-12,26.51
2019-03-13,24.83
2019-03-14,24.27
2019-03-15,22.88
2019-03-16,18.97
2019-03-17,18.69
2019-03-18,25.39
2019-03-19,27.62
2019-03-20,24.55
2019-03-21,24.83
2019-03-22,21.21
2019-03-23,17.86
2019-03-24,20.09
2019-03-25,24.27
2019-03-26,26.23
2019-03-27,27.9
2019-03-28,24.83
2019-03-29,25.39
2019-03-30,18.69
2019-03-31,18.14
2019-04-01,23.72
2019-04-02,27.34
2019-04-03,25.39
2019-04-04,26.51
2019-04-05,21.21
2019-04-06,16.74
2019-04-07,20.09
2019-04-08,24.0
2019-04-09,27.62
2019-04-10,25.39
2019-04-11,24.83
2019-04-12,24.0
2019-04-13,20.09
2019-04-14,19.53
2019-04-15,22.6
2019-04-16,27.07
2019-04-17,26.79
2019-04-18,23.72
2019-04-19,22.04
2019-04-20,17.86
2019-04-21,18.14
2019-04-22,25.39
2019-04-23,26.79
2019-04-24,26.23
2019-04-25,25.95
2019-04-26,23.44
2019-04-27,18.69
2019-04-28,18.69
2019-04-29,24.83
2019-04-30,26.79
2019-05-01,26.51
2019-05-02,24.0
2019-05-03,23.44
2019-05-04,19.53
2019-05-05,19.25
2019-05-06,24.0
2019-05-07,23.99
2019-05-08,24.86
2019-05-09,24.86
2019-05-10,23.12
2019-05-11,15.9
2019-05-12,16.76
2019-05-13,23.41
2019-05-14,24.86
2019-05-15,24.28
2019-05-16,23.12
2019-05-17,22.25
2019-05-18,18.79
2019-05-19,18.79
2019-05-20,21.97
2019-05-21,23.41
2019-05-22,23.99
2019-05-23,23.12
2019-05-24,20.23
2019-05-25,16.76
2019-05-26,17.05
2019-05-27,16.76
2019-05-28,23.12
2019-05-29,24.28
2019-05-30,23.12
2019-05-31,22.83
2019-06-01,17.05
2019-06-02,16.76
2019-06-03,22.83
2019-06-04,25.15
2019-06-05,22.83
2019-06-06,22.83
2019-06-07,22.83
2019-06-08,16.76
2019-06-09,17.63
2019-06-10,21.68
2019-06-11,24.86
2019-06-12,23.41
2019-06-13,23.41
2019-06-14,21.39
2019-06-15,17.92
2019-06-16,16.76
2019-06-17,23.99
2019-06-18,23.99
2019-06-19,23.7
2019-06-20,24.28
2019-06-21,20.81
2019-06-22,18.21
2019-06-23,17.92
2019-06-24,23.7
2019-06-25,23.7
2019-06-26,21.97
2019-06-27,23.41
2019-06-28,22.83
2019-06-29,17.92
2019-06-30,16.76
2019-07-01,22.83
2019-07-02,22.83
2019-07-03,22.25
2019-07-04,16.19
2019-07-05,18.5
2019-07-06,18.21
2019-07-07,18.21
2019-07-08,22.54
2019-07-09,26.01
2019-07-10,24.86
2019-07-11,23.7
2019-07-12,22.83
2019-07-13,18.79
2019-07-14,18.5
2019-07-15,23.7
2019-07-16,22.54
2019-07-17,23.7
2019-07-18,22.25
2019-07-19,21.68
2019-07-20,16.47
2019-07-21,17.63
2019-07-22,21.1
2019-07-23,23.7
2019-07-24,23.12
2019-07-25,23.41
2019-07-26,23.12
2019-07-27,18.21
2019-07-28,18.5
2019-07-29,22.83
2019-07-30,25.15
2019-07-31,24.86
2019-08-01,22.54
2019-08-02,21.68
2019-08-03,19.08
2019-08-04,19.94
2019-08-05,23.7
2019-08-06,23.41
2019-08-07,23.12
2019-08-08,23.41
2019-08-09,23.12
2019-08-10,18.21
2019-08-11,17.92
2019-08-12,23.12
2019-08-13,24.28
2019-08-14,25.72
2019-08-15,23.99
2019-08-16,22.25
2019-08-17,19.65
2019-08-18,17.92
2019-08-19,25.15
2019-08-20,25.72
2019-08-21,24.86
2019-08-22,24.28
2019-08-23,22.25
2019-08-24,18.21
2019-08-25,17.92
2019-08-26,23.99
2019-08-27,23.99
2019-08-28,25.15
2019-08-29,23.7
2019-08-30,21.68
2019-08-31,15.61
2019-09-01,18.21
2019-09-02,17.34
2019-09-03,22.54
2019-09-04,24.57
2019-09-05,25.43
2019-09-06,21.39
2019-09-07,17.34
2019-09-08,17.92
2019-09-09,24.57
2019-09-10,25.72
2019-09-11,26.88
2019-09-12,24.57
2019-09-13,21.39
2019-09-14,16.76
2019-09-15,19.65
2019-09-16,24.57
2019-09-17,26.01
2019-09-18,26.3
2019-09-19,27.46
2019-09-20,23.99
2019-09-21,19.94
2019-09-22,17.92
2019-09-23,26.3
2019-09-24,26.88
2019-09-25,27.75
2019-09-26,27.17
2019-09-27,23.7
2019-09-28,19.08
2019-09-29,18.79
2019-09-30,23.99
2019-10-01,27.75
2019-10-02,26.88
2019-10-03,28.32
2019-10-04,24.94
2019-10-05,18.47
2019-10-06,18.47
2019-10-07,25.86
2019-10-08,27.25
2019-10-09,26.79
2019-10-10,28.17
2019-10-11,25.86
2019-10-12,19.86
2019-10-13,19.86
2019-10-14,25.4
2019-10-15,27.25
2019-10-16,27.71
2019-10-17,26.79
2019-10-18,24.48
2019-10-19,19.86
2019-10-20,20.78
2019-10-21,27.25
2019-10-22,27.25
2019-10-23,29.1
2019-10-24,28.17
2019-10-25,24.94
2019-10-26,20.32
2019-10-27,18.47
2019-10-28,26.32
2019-10-29,27.25
2019-10-30,26.79
2019-10-31,24.02
2019-11-01,24.02
2019-11-02,22.17
2019-11-03,20.78
2019-11-04,29.1
2019-11-05,29.56
2019-11-06,30.48
2019-11-07,28.17
2019-11-08,25.4
2019-11-09,19.86
2019-11-10,19.4
2019-11-11,24.48
2019-11-12,27.71
2019-11-13,29.1
2019-11-14,28.63
2019-11-15,26.79
2019-11-16,21.24
2019-11-17,20.78
2019-11-18,28.17
2019-11-19,29.1
2019-11-20,29.1
2019-11-21,26.79
2019-11-22,25.86
2019-11-23,19.86
2019-11-24,20.32
2019-11-25,24.48
2019-11-26,25.4
2019-11-27,20.78
2019-11-28,14.78
2019-11-29,15.7
2019-11-30,16.16
2019-12-01,18.94
2019-12-02,23.55
2019-12-03,25.4
2019-12-04,26.32
2019-12-05,28.17
2019-12-06,25.86
2019-12-07,22.17
2019-12-08,21.24
2019-12-09,25.4
2019-12-10,26.32
2019-12-11,27.71
2019-12-12,25.4
2019-12-13,22.17
2019-12-14,19.86
2019-12-15,19.86
2019-12-16,20.78
2019-12-17,24.94
2019-12-18,22.17
2019-12-19,20.78
2019-12-20,18.94
2019-12-21,15.7
2019-12-22,15.7
2019-12-23,19.4
2019-12-24,15.7
2019-12-25,12.47
2019-12-26,16.63
2019-12-27,19.4
2019-12-28,16.16
2019-12-29,17.09
2019-12-30,20.78
2019-12-31,18.47
2020-01-01,14.78
2020-01-02,20.32
2020-01-03,20.32
2020-01-04,19.86
2020-01-05,18.01
2020-01-06,23.09
2020-01-07,24.48
2020-01-08,22.63
2020-01-09,23.55
2020-01-10,25.4
2020-01-11,19.86
2020-01-12,18.94
2020-01-13,24.02
2020-01-14,23.55
2020-01-15,24.94
2020-01-16,27.25
2020-01-17,26.32
2020-01-18,19.86
2020-01-19,20.32
2020-01-20,23.09
2020-01-21,26.79
2020-01-22,26.79
2020-01-23,26.79
2020-01-24,24.48
2020-01-25,21.71
2020-01-26,19.86
2020-01-27,27.25
2020-01-28,28.63
2020-01-29,29.56
2020-01-30,40.64
2020-01-31,46.18
2020-02-01,42.49
2020-02-02,28.63
2020-02-03,28.63
2020-02-04,35.1
2020-02-05,35.1
2020-02-06,31.41
2020-02-07,28.17
2020-02-08,24.48
2020-02-09,23.55
2020-02-10,28.17
2020-02-11,31.41
2020-02-12,34.64
2020-02-13,32.33
2020-02-14,27.71
2020-02-15,22.63
2020-02-16,23.09
2020-02-17,28.63
2020-02-18,32.33
2020-02-19,31.41
2020-02-20,28.63
2020-02-21,25.86
2020-02-22,23.55
2020-02-23,23.55
2020-02-24,28.17
2020-02-25,30.48
2020-02-26,28.63
2020-02-27,29.56
2020-02-28,25.86
2020-02-29,21.71
2020-03-01,23.09
2020-03-02,28.17
2020-03-03,26.33
2020-03-04,26.64
2020-03-05,30.62
2020-03-06,26.02
2020-03-07,20.21
2020-03-08,21.74
2020-03-09,25.1
2020-03-10,25.72
2020-03-11,25.1
2020-03-12,22.04
2020-03-13,17.14
2020-03-14,15.61
2020-03-15,15.92
2020-03-16,17.76
2020-03-17,17.45
2020-03-18,18.98
2020-03-19,18.37
2020-03-20,16.53
2020-03-21,15.31
2020-03-22,17.45
2020-03-23,18.37
2020-03-24,19.59
2020-03-25,19.9
2020-03-26,21.12
2020-03-27,21.12
2020-03-28,18.98
2020-03-29,18.68
2020-03-30,22.04
2020-03-31,22.35
2020-04-01,19.9
2020-04-02,21.74
2020-04-03,21.74
2020-04-04,19.29
2020-04-05,19.29
2020-04-06,21.74
2020-04-07,22.66
2020-04-08,22.96
2020-04-09,24.49
2020-04-10,21.74
2020-04-11,18.68
2020-04-12,18.68
2020-04-13,22.35
2020-04-14,23.88
2020-04-15,24.19
2020-04-16,23.27
2020-04-17,24.19
2020-04-18,19.59
2020-04-19,20.21
2020-04-20,22.96
2020-04-21,24.19
2020-04-22,25.1
2020-04-23,25.72
2020-04-24,22.96
2020-04-25,18.68
2020-04-26,21.43
2020-04-27,24.8
2020-04-28,25.41
2020-04-29,24.8
2020-04-30,25.72
2020-05-01,22.66
2020-05-02,19.9
2020-05-03,20.21
2020-05-04,23.88
2020-05-05,23.57
2020-05-06,25.72
2020-05-07,23.57
2020-05-08,23.88
2020-05-09,19.29
2020-05-10,18.98
2020-05-11,24.19
2020-05-12,26.02
2020-05-13,24.19
2020-05-14,22.66
2020-05-15,24.49
2020-05-16,29.39
2020-05-17,23.27
2020-05-18,25.1
2020-05-19,24.49
2020-05-20,25.1
2020-05-21,24.49
2020-05-22,20.51
2020-05-23,19.29
2020-05-24,19.59
2020-05-25,18.98
2020-05-26,22.35
2020-05-27,25.41
2020-05-28,26.02
2020-05-29,23.88
2020-05-30,19.29
2020-05-31,20.82
2020-06-01,27.86
2020-06-02,26.64
2020-06-03,26.33
2020-06-04,26.94
2020-06-05,25.72
2020-06-06,20.21
2020-06-07,21.12
2020-06-08,25.72
2020-06-09,26.94
2020-06-10,26.94
2020-06-11,24.49
2020-06-12,23.88
2020-06-13,21.12
2020-06-14,21.74
2020-06-15,26.02
2020-06-16,26.64
2020-06-17,26.33
2020-06-18,26.02
2020-06-19,23.88
2020-06-20,19.29
2020-06-21,20.51
2020-06-22,25.41
2020-06-23,26.02
2020-06-24,26.94
2020-06-25,26.94
2020-06-26,24.19
2020-06-27,19.9
2020-06-28,20.51
2020-06-29,25.41
2020-06-30,26.02
2020-07-01,24.8
2020-07-02,24.49
2020-07-03,20.51
2020-07-04,18.68
2020-07-05,22.96
2020-07-06,23.88
2020-07-07,26.94
2020-07-08,27.25
2020-07-09,26.33
2020-07-10,24.19
2020-07-11,20.82
2020-07-12,20.82
2020-07-13,23.57
2020-07-14,25.41
2020-07-15,27.25
2020-07-16,25.41
2020-07-17,22.66
2020-07-18,21.74
2020-07-19,21.74
2020-07-20,26.02
2020-07-21,25.41
2020-07-22,26.64
2020-07-23,26.94
2020-07-24,24.8
2020-07-25,20.21
2020-07-26,22.66
2020-07-27,27.55
2020-07-28,26.94
2020-07-29,26.94
2020-07-30,27.25
2020-07-31,25.72
2020-08-01,19.59
2020-08-02,20.21
2020-08-03,26.02
2020-08-04,27.25
2020-08-05,27.25
2020-08-06,25.72
2020-08-07,24.49
2020-08-08,19.59
2020-08-09,20.51
2020-08-10,26.33
2020-08-11,26.64
2020-08-12,25.41
2020-08-13,26.64
2020-08-14,22.96
2020-08-15,20.82
2020-08-16,22.35
2020-08-17,26.64
2020-08-18,30.62
2020-08-19,30.0
2020-08-20,26.64
2020-08-21,24.49
2020-08-22,20.21
2020-08-23,21.12
2020-08-24,27.55
2020-08-25,27.25
2020-08-26,25.1
2020-08-27,26.64
2020-08-28,24.49
2020-08-29,21.43
2020-08-30,20.51
2020-08-31,26.64
2020-09-01,26.64
2020-09-02,27.86
2020-09-03,26.33
2020-09-04,24.19
2020-09-05,22.35
2020-09-06,21.43
2020-09-07,22.35
2020-09-08,25.1
2020-09-09,26.64
2020-09-10,27.86
2020-09-11,26.64
2020-09-12,22.04
2020-09-13,22.66
2020-09-14,26.02
2020-09-15,25.72
2020-09-16,26.94
2020-09-17,28.78
2020-09-18,26.02
2020-09-19,21.74
2020-09-20,22.35
2020-09-21,26.02
2020-09-22,26.02
2020-09-23,28.17
2020-09-24,28.17
2020-09-25,25.72
2020-09-26,21.43
2020-09-27,22.04
2020-09-28,25.1
2020-09-29,29.39
2020-09-30,28.47
2020-10-01,28.17
2020-10-02,25.72
2020-10-03,22.04
2020-10-04,23.57
2020-10-05,30.0
2020-10-06,27.25
2020-10-07,27.55
2020-10-08,27.86
2020-10-09,26.64
2020-10-10,22.66
2020-10-11,22.96
2020-10-12,28.17
2020-10-13,28.47
2020-10-14,28.17
2020-10-15,28.17
2020-10-16,24.49
2020-10-17,23.27
2020-10-18,23.27
2020-10-19,27.25
2020-10-20,30.31
2020-10-21,29.7
2020-10-22,27.55
2020-10-23,26.02
2020-10-24,20.51
2020-10-25,23.57
2020-10-26,26.94
2020-10-27,27.86
2020-10-28,27.55
2020-10-29,29.08
2020-10-30,25.41
2020-10-31,21.43
2020-11-01,21.12
2020-11-02,24.49
2020-11-03,23.57
2020-11-04,14.7
2020-11-05,19.59
2020-11-06,18.68
2020-11-07,18.68
2020-11-08,18.98
2020-11-09,27.86
2020-11-10,25.72
2020-11-11,26.02
2020-11-12,26.33
2020-11-13,25.41
2020-11-14,21.43
2020-11-15,22.66
2020-11-16,26.94
2020-11-17,29.39
2020-11-18,27.25
2020-11-19,28.17
2020-11-20,24.19
2020-11-21,19.59
2020-11-22,20.21
2020-11-23,25.41
2020-11-24,25.1
2020-11-25,21.74
2020-11-26,17.14
2020-11-27,16.53
2020-11-28,18.98
2020-11-29,20.82
2020-11-30,25.1
2020-12-01,25.72
2020-12-02,27.86
2020-12-03,26.02
2020-12-04,22.66
2020-12-05,21.43
2020-12-06,20.82
2020-12-07,26.33
2020-12-08,26.02
2020-12-09,27.55
2020-12-10,27.86
2020-12-11,25.1
2020-12-12,21.43
2020-12-13,19.59
2020-12-14,24.19
2020-12-15,26.02
2020-12-16,23.88
2020-12-17,26.02
2020-12-18,22.66
2020-12-19,18.06
2020-12-20,18.37
2020-12-21,21.74
2020-12-22,21.74
2020-12-23,21.43
2020-12-24,17.45
2020-12-25,12.86
2020-12-26,16.53
2020-12-27,17.16
2020-12-28,21.93
2020-12-29,23.36
2020-12-30,23.83
2020-12-31,21.45
2021-01-01,16.68
2021-01-02,18.11
2021-01-03,20.5
2021-01-04,24.31
2021-01-05,23.83
2021-01-06,21.45
2021-01-07,22.88
2021-01-08,21.93
2021-01-09,18.59
2021-01-10,19.07
2021-01-11,23.36
2021-01-12,25.26
2021-01-13,25.74
2021-01-14,25.26
2021-01-15,23.36
2021-01-16,20.5
2021-01-17,20.5
2021-01-18,21.93
2021-01-19,25.74
2021-01-20,24.31
2021-01-21,25.74
2021-01-22,23.83
2021-01-23,20.97
2021-01-24,20.5
2021-01-25,26.22
2021-01-26,25.74
2021-01-27,29.55
2021-01-28,26.22
2021-01-29,24.79
2021-01-30,22.4
2021-01-31,21.45
2021-02-01,24.79
2021-02-02,27.65
2021-02-03,29.08
2021-02-04,27.65
2021-02-05,26.22
2021-02-06,21.45
2021-02-07,20.97
2021-02-08,25.74
2021-02-09,28.6
2021-02-10,29.55
2021-02-11,27.17
2021-02-12,24.31
2021-02-13,22.4
2021-02-14,20.97
2021-02-15,25.74
2021-02-16,29.08
2021-02-17,27.17
2021-02-18,29.55
2021-02-19,25.26
2021-02-20,25.26
2021-02-21,23.83
2021-02-22,29.08
2021-02-23,30.03
2021-02-24,31.46
2021-02-25,29.55
2021-02-26,25.74
2021-02-27,23.36
2021-02-28,22.4
2021-03-01,28.6
2021-03-02,28.12
2021-03-03,28.12
2021-03-04,27.17
2021-03-05,27.65
2021-03-06,22.4
2021-03-07,22.4
2021-03-08,27.65
2021-03-09,27.65
2021-03-10,28.12
2021-03-11,25.74
2021-03-12,25.74
2021-03-13,20.5
2021-03-14,22.4
2021-03-15,25.26
2021-03-16,26.69
2021-03-17,27.17
2021-03-18,26.69
2021-03-19,29.55
2021-03-20,22.88
2021-03-21,24.79
2021-03-22,29.08
2021-03-23,27.65
2021-03-24,47.67
2021-03-25,31.94
2021-03-26,28.12
2021-03-27,22.88
2021-03-28,23.36
2021-03-29,28.6
2021-03-30,29.08
2021-03-31,28.12
2021-04-01,28.12
2021-04-02,25.26
2021-04-03,21.45
2021-04-04,20.97
2021-04-05,25.74
2021-04-06,30.03
2021-04-07,29.08
2021-04-08,29.08
2021-04-09,27.65
2021-04-10,23.83
2021-04-11,23.83
2021-04-12,30.98
2021-04-13,30.03
2021-04-14,29.55
2021-04-15,29.08
2021-04-16,27.17
2021-04-17,22.4
2021-04-18,24.79
2021-04-19,30.03
2021-04-20,29.08
2021-04-21,31.46
2021-04-22,30.51
2021-04-23,27.65
2021-04-24,22.88
2021-04-25,23.36
2021-04-26,28.6
2021-04-27,30.98
2021-04-28,30.03
2021-04-29,29.55
2021-04-30,25.26
2021-05-01,20.97
2021-05-02,21.93
2021-05-03,28.6
2021-05-04,29.08
2021-05-05,28.12
2021-05-06,29.55
2021-05-07,28.6
2021-05-08,24.31
2021-05-09,22.4
2021-05-10,31.46
2021-05-11,30.03
2021-05-12,28.6
2021-05-13,28.12
2021-05-14,28.12
2021-05-15,22.88
2021-05-16,22.88
2021-05-17,26.22
2021-05-18,29.08
2021-05-19,28.12
2021-05-20,28.12
2021-05-21,28.12
2021-05-22,23.83
2021-05-23,22.88
2021-05-24,26.22
2021-05-25,29.08
2021-05-26,26.82
2021-05-27,27.92
2021-05-28,23.88
2021-05-29,20.94
2021-05-30,21.31
2021-05-31,23.51
2021-06-01,28.29
2021-06-02,28.65
2021-06-03,26.82
2021-06-04,25.35
2021-06-05,21.31
2021-06-06,21.31
2021-06-07,26.08
2021-06-08,27.18
2021-06-09,28.29
2021-06-10,29.75
2021-06-11,27.18
2021-06-12,24.61
2021-06-13,23.51
2021-06-14,29.02
2021-06-15,30.12
2021-06-16,29.39
2021-06-17,28.29
2021-06-18,26.45
2021-06-19,22.78
2021-06-20,22.78
2021-06-21,27.92
2021-06-22,28.65
2021-06-23,28.29
2021-06-24,29.02
2021-06-25,24.98
2021-06-26,23.51
2021-06-27,22.41
2021-06-28,27.55
2021-06-29,27.55
2021-06-30,27.18
2021-07-01,28.29
2021-07-02,24.61
2021-07-03,21.67
2021-07-04,19.84
2021-07-05,24.24
2021-07-06,28.65
2021-07-07,27.92
2021-07-08,29.02
2021-07-09,25.71
2021-07-10,21.67
2021-07-11,22.04
2021-07-12,27.92
2021-07-13,30.12
2021-07-14,30.49
2021-07-15,25.35
2021-07-16,26.08
2021-07-17,21.67
2021-07-18,22.04
2021-07-19,27.92
2021-07-20,28.65
2021-07-21,27.92
2021-07-22,28.65
2021-07-23,25.71
2021-07-24,22.04
2021-07-25,22.41
2021-07-26,26.08
2021-07-27,29.02
2021-07-28,27.92
2021-07-29,28.65
2021-07-30,25.35
2021-07-31,24.24
2021-08-01,23.51
2021-08-02,28.29
2021-08-03,27.18
2021-08-04,29.39
2021-08-05,26.82
2021-08-06,26.08
2021-08-07,22.41
2021-08-08,21.31
2021-08-09,28.29
2021-08-10,29.39
2021-08-11,29.02
2021-08-12,27.18
2021-08-13,24.98
2021-08-14,22.41
2021-08-15,22.41
2021-08-16,26.45
2021-08-17,26.08
2021-08-18,27.92
2021-08-19,27.55
2021-08-20,24.98
2021-08-21,22.04
2021-08-22,20.94
2021-08-23,25.71
2021-08-24,25.35
2021-08-25,28.65
2021-08-26,28.29
2021-08-27,24.61
2021-08-28,22.04
2021-08-29,21.31
2021-08-30,25.35
2021-08-31,28.65
2021-09-01,29.75
2021-09-02,28.29
2021-09-03,24.61
2021-09-04,22.04
2021-09-05,20.2
2021-09-06,24.24
2021-09-07,28.29
2021-09-08,28.65
2021-09-09,30.12
2021-09-10,28.29
2021-09-11,22.04
2021-09-12,22.04
2021-09-13,28.65
2021-09-14,28.65
2021-09-15,29.02
2021-09-16,29.39
2021-09-17,26.82
2021-09-18,22.41
2021-09-19,22.04
2021-09-20,30.86
2021-09-21,32.69
2021-09-22,31.96
2021-09-23,31.22
2021-09-24,26.45
2021-09-25,23.51
2021-09-26,22.41
2021-09-27,29.02
2021-09-28,31.96
2021-09-29,32.33
2021-09-30,30.86
2021-10-01,25.71
2021-10-02,21.67
2021-10-03,22.41
2021-10-04,29.39
2021-10-05,30.49
2021-10-06,36.73
2021-10-07,31.22
2021-10-08,29.75
2021-10-09,23.51
2021-10-10,23.88
2021-10-11,30.12
2021-10-12,33.06
2021-10-13,32.69
2021-10-14,33.43
2021-10-15,29.02
2021-10-16,22.04
2021-10-17,23.88
2021-10-18,33.43
2021-10-19,32.69
2021-10-20,32.69
2021-10-21,32.33
2021-10-22,30.12
2021-10-23,23.68
2021-10-24,24.78
2021-10-25,31.39
2021-10-26,33.04
2021-10-27,32.49
2021-10-28,31.94
2021-10-29,30.29
2021-10-30,23.13
2021-10-31,22.58
2021-11-01,28.64
2021-11-02,31.39
2021-11-03,31.94
2021-11-04,33.59
2021-11-05,29.74
2021-11-06,23.68
2021-11-07,24.23
2021-11-08,29.74
2021-11-09,34.14
2021-11-10,31.39
2021-11-11,30.84
2021-11-12,29.19
2021-11-13,23.68
2021-11-14,26.43
2021-11-15,31.39
2021-11-16,34.69
2021-11-17,34.69
2021-11-18,33.04
2021-11-19,27.53
2021-11-20,22.58
2021-11-21,24.78
2021-11-22,28.64
2021-11-23,30.84
2021-11-24,25.88
2021-11-25,18.72
2021-11-26,20.38
2021-11-27,22.03
2021-11-28,22.58
2021-11-29,29.74
2021-11-30,29.19
2021-12-01,30.84
2021-12-02,31.94
2021-12-03,30.29
2021-12-04,22.58
2021-12-05,25.33
2021-12-06,30.29
2021-12-07,30.84
2021-12-08,33.59
2021-12-09,31.94
2021-12-10,28.64
2021-12-11,22.03
2021-12-12,22.58
2021-12-13,31.39
2021-12-14,30.84
2021-12-15,30.84
2021-12-16,29.74
2021-12-17,29.19
2021-12-18,22.03
2021-12-19,22.03
2021-12-20,26.43
2021-12-21,26.43
2021-12-22,24.78
2021-12-23,22.03
2021-12-24,19.82
2021-12-25,16.52
2021-12-26,18.72
2021-12-27,24.78
2021-12-28,26.98
2021-12-29,25.88
2021-12-30,25.33
2021-12-31,20.38
2022-01-01,19.82
2022-01-02,24.78
2022-01-03,31.39
2022-01-04,35.79
2022-01-05,31.39
2022-01-06,26.98
2022-01-07,30.29
2022-01-08,26.43
2022-01-09,26.98
2022-01-10,30.84
2022-01-11,31.94
2022-01-12,32.49
2022-01-13,38.55
2022-01-14,25.88
2022-01-15,25.88
2022-01-16,20.38
2022-01-17,25.33
2022-01-18,29.74
2022-01-19,31.39
2022-01-20,31.94
2022-01-21,31.94
2022-01-22,27.53
2022-01-23,25.33
2022-01-24,31.94
2022-01-25,34.14
2022-01-26,31.94
2022-01-27,34.14
2022-01-28,32.49
2022-01-29,26.98
2022-01-30,28.64
2022-01-31,33.59
2022-02-01,36.9
2022-02-02,35.79
2022-02-03,35.79
2022-02-04,34.14
2022-02-05,28.08
2022-02-06,28.08
2022-02-07,35.24
2022-02-08,40.2
2022-02-09,38.0
2022-02-10,52.31
2022-02-11,54.52
2022-02-12,55.07
2022-02-13,29.19
2022-02-14,33.04
2022-02-15,38.55
2022-02-16,41.3
2022-02-17,39.1
2022-02-18,37.45
2022-02-19,30.29
2022-02-20,30.29
2022-02-21,35.79
2022-02-22,41.3
2022-02-23,38.0
2022-02-24,37.45
2022-02-25,35.24
2022-02-26,30.29
2022-02-27,31.39
2022-02-28,37.45
2022-03-01,37.45
2022-03-02,38.0
2022-03-03,38.55
2022-03-04,34.69
2022-03-05,28.64
2022-03-06,29.74
2022-03-07,38.55
2022-03-08,36.9
2022-03-09,39.1
2022-03-10,38.55
2022-03-11,35.79
2022-03-12,27.53
2022-03-13,28.08
2022-03-14,36.34
2022-03-15,38.55
2022-03-16,38.0
2022-03-17,36.34
2022-03-18,34.14
2022-03-19,26.98
2022-03-20,29.19
2022-03-21,39.65
2022-03-22,38.44
2022-03-23,38.44
2022-03-24,39.1
2022-03-25,35.79
2022-03-26,29.16
2022-03-27,29.82
2022-03-28,36.45
2022-03-29,37.77
2022-03-30,40.42
2022-03-31,39.76
2022-04-01,36.45
2022-04-02,29.82
2022-04-03,30.48
2022-04-04,39.1
2022-04-05,38.44
2022-04-06,39.76
2022-04-07,37.77
2022-04-08,35.12
2022-04-09,30.48
2022-04-10,31.81
2022-04-11,35.12
2022-04-12,37.11
2022-04-13,37.77
2022-04-14,39.1
2022-04-15,36.45
2022-04-16,30.48
2022-04-17,29.82
2022-04-18,41.09
2022-04-19,41.75
2022-04-20,37.77
2022-04-21,39.76
2022-04-22,36.45
2022-04-23,32.47
2022-04-24,33.8
2022-04-25,38.44
2022-04-26,40.42
2022-04-27,39.76
2022-04-28,39.1
2022-04-29,35.79
2022-04-30,30.48
2022-05-01,30.48
2022-05-02,37.77
2022-05-03,37.11
2022-05-04,38.44
2022-05-05,36.45
2022-05-06,33.14
2022-05-07,29.16
2022-05-08,28.5
2022-05-09,35.79
2022-05-10,38.44
2022-05-11,39.1
2022-05-12,37.11
2022-05-13,33.14
2022-05-14,27.83
2022-05-15,29.16
2022-05-16,33.8
2022-05-17,37.11
2022-05-18,36.45
2022-05-19,35.79
2022-05-20,31.81
2022-05-21,27.17
2022-05-22,26.51
2022-05-23,33.14
2022-05-24,35.12
2022-05-25,38.44
2022-05-26,37.77
2022-05-27,30.48
2022-05-28,26.51
2022-05-29,25.18
2022-05-30,29.82
2022-05-31,33.8
2022-06-01,35.12
2022-06-02,34.46
2022-06-03,32.47
2022-06-04,25.85
2022-06-05,29.16
2022-06-06,34.46
2022-06-07,35.79
2022-06-08,35.79
2022-06-09,33.8
2022-06-10,31.81
2022-06-11,26.51
2022-06-12,28.5
2022-06-13,33.8
2022-06-14,35.12
2022-06-15,40.42
2022-06-16,34.46
2022-06-17,32.47
2022-06-18,32.47
2022-06-19,29.16
2022-06-20,35.79
2022-06-21,36.45
2022-06-22,36.45
2022-06-23,36.45
2022-06-24,31.81
2022-06-25,27.83
2022-06-26,30.48
2022-06-27,39.1
2022-06-28,65.61
2022-06-29,66.27
2022-06-30,45.73
2022-07-01,35.12
2022-07-02,28.5
2022-07-03,30.48
2022-07-04,29.82
2022-07-05,35.12
2022-07-06,36.45
2022-07-07,37.11
2022-07-08,35.79
2022-07-09,29.82
2022-07-10,31.15
2022-07-11,36.45
2022-07-12,34.46
2022-07-13,37.11
2022-07-14,35.79
2022-07-15,35.12
2022-07-16,35.12
2022-07-17,30.48
2022-07-18,36.45
2022-07-19,37.77
2022-07-20,38.44
2022-07-21,36.45
2022-07-22,31.81
2022-07-23,29.16
2022-07-24,29.82
2022-07-25,37.77
2022-07-26,35.79
2022-07-27,37.11
2022-07-28,35.79
2022-07-29,33.14
2022-07-30,26.51
2022-07-31,28.5
2022-08-01,34.46
2022-08-02,35.12
2022-08-03,35.79
2022-08-04,35.12
2022-08-05,34.46
2022-08-06,28.5
2022-08-07,30.48
2022-08-08,33.14
2022-08-09,39.1
2022-08-10,38.44
2022-08-11,37.11
2022-08-12,33.8
2022-08-13,29.16
2022-08-14,29.16
2022-08-15,33.8
2022-08-16,35.79
2022-08-17,35.79
2022-08-18,37.11
2022-08-19,35.0
2022-08-20,27.0
2022-08-21,30.0
2022-08-22,35.0
2022-08-23,35.0
2022-08-24,36.0
2022-08-25,38.0
2022-08-26,33.0
2022-08-27,30.0
2022-08-28,31.0
2022-08-29,36.0
2022-08-30,36.0
2022-08-31,35.0
2022-09-01,38.0
2022-09-02,41.0
2022-09-03,30.0
2022-09-04,31.0
2022-09-05,30.0
2022-09-06,38.0
2022-09-07,38.0
2022-09-08,35.0
2022-09-09,33.0
2022-09-10,28.0
2022-09-11,28.0
2022-09-12,36.0
2022-09-13,38.0
2022-09-14,39.0
2022-09-15,41.0
2022-09-16,36.0
2022-09-17,32.0
2022-09-18,30.0
2022-09-19,40.0
2022-09-20,40.0
2022-09-21,40.0
2022-09-22,39.0
2022-09-23,34.0
2022-09-24,29.0
2022-09-25,30.0
2022-09-26,38.0
2022-09-27,40.0
2022-09-28,40.0
2022-09-29,39.0
2022-09-30,62.0
2022-10-01,30.0
2022-10-02,33.0
2022-10-03,40.0
2022-10-04,39.0
2022-10-05,41.0
2022-10-06,41.0
2022-10-07,38.0
2022-10-08,31.0
2022-10-09,30.0
2022-10-10,39.0
2022-10-11,41.0
2022-10-12,41.0
2022-10-13,39.0
2022-10-14,37.0
2022-10-15,29.0
2022-10-16,30.0
2022-10-17,38.0
2022-10-18,39.0
2022-10-19,40.0
2022-10-20,40.0
2022-10-21,36.0
2022-10-22,29.0
2022-10-23,30.0
2022-10-24,38.0
2022-10-25,40.0
2022-10-26,41.0
2022-10-27,40.0
2022-10-28,36.0
2022-10-29,30.0
2022-10-30,32.0
2022-10-31,39.0
2022-11-01,39.0
2022-11-02,41.0
2022-11-03,41.0
2022-11-04,38.0
2022-11-05,30.0
2022-11-06,29.0
2022-11-07,39.0
2022-11-08,38.0
2022-11-09,35.0
2022-11-10,37.0
2022-11-11,34.0
2022-11-12,29.0
2022-11-13,31.0
2022-11-14,38.0
2022-11-15,38.0
2022-11-16,40.0
2022-11-17,39.0
2022-11-18,34.0
2022-11-19,29.0
2022-11-20,28.0
2022-11-21,37.0
2022-11-22,35.0
2022-11-23,32.0
2022-11-24,24.0
2022-11-25,23.0
2022-11-26,25.0
2022-11-27,29.0
2022-11-28,35.0
2022-11-29,38.0
2022-11-30,37.0
2022-12-01,38.0
2022-12-02,35.0
2022-12-03,27.0
2022-12-04,29.0
2022-12-05,38.0
2022-12-06,40.0
2022-12-07,39.0
2022-12-08,39.0
2022-12-09,37.0
2022-12-10,30.0
2022-12-11,30.0
2022-12-12,37.0
2022-12-13,38.0
2022-12-14,37.0
2022-12-15,35.0
2022-12-16,33.0
2022-12-17,28.0
2022-12-18,24.0
2022-12-19,32.0
2022-12-20,33.0
2022-12-21,31.0
2022-12-22,27.0
2022-12-23,26.0
2022-12-24,22.0
2022-12-25,21.0
2022-12-26,24.0
2022-12-27,31.0
2022-12-28,34.0
2022-12-29,32.0
2022-12-30,28.0
2022-12-31,27.0
2023-01-01,25.0
2023-01-02,28.0
2023-01-03,100.0
2023-01-04,46.0
2023-01-05,41.0
2023-01-06,36.0
2023-01-07,31.0
2023-01-08,31.0
2023-01-09,37.0
2023-01-10,39.0
2023-01-11,39.0
2023-01-12,39.0
2023-01-13,36.0
2023-01-14,28.0
2023-01-15,28.0
2023-01-16,35.21
2023-01-17,38.23
2023-01-18,38.73
2023-01-19,38.73
2023-01-20,38.23
2023-01-21,30.18
2023-01-22,29.17
2023-01-23,38.23
2023-01-24,40.74
2023-01-25,40.24
2023-01-26,41.24
2023-01-27,37.72
2023-01-28,32.19
2023-01-29,32.69
2023-01-30,38.23
2023-01-31,50.3
2023-02-01,43.26
2023-02-02,41.24
2023-02-03,40.74
2023-02-04,32.19
2023-02-05,34.71
2023-02-06,39.74
2023-02-07,42.25
2023-02-08,39.74
2023-02-09,43.26
2023-02-10,39.74
2023-02-11,33.2
2023-02-12,31.19
2023-02-13,35.71
2023-02-14,41.75
2023-02-15,40.24
2023-02-16,41.75
2023-02-17,39.74
2023-02-18,31.19
2023-02-19,32.69
2023-02-20,39.74
2023-02-21,42.75
2023-02-22,42.25
2023-02-23,40.24
2023-02-24,40.24
2023-02-25,31.69
2023-02-26,33.7
2023-02-27,42.25
2023-02-28,43.26
2023-03-01,42.75
2023-03-02,39.23
2023-03-03,38.23
2023-03-04,31.69
2023-03-05,33.7
2023-03-06,42.75
2023-03-07,41.75
2023-03-08,42.75
2023-03-09,39.23
2023-03-10,36.72
2023-03-11,32.19
2023-03-12,30.18
2023-03-13,37.72
2023-03-14,41.75
2023-03-15,41.75
2023-03-16,39.74
2023-03-17,36.22
2023-03-18,30.68
2023-03-19,32.19
2023-03-20,42.25
2023-03-21,42.25
2023-03-22,42.25
2023-03-23,41.75
2023-03-24,39.23
2023-03-25,30.68
2023-03-26,32.69
2023-03-27,40.74
2023-03-28,42.25
2023-03-29,41.75
2023-03-30,40.74
2023-03-31,35.71
2023-04-01,30.18
2023-04-02,33.7
2023-04-03,39.23
2023-04-04,40.74
2023-04-05,40.24
2023-04-06,41.24
2023-04-07,37.22
2023-04-08,31.19
2023-04-09,30.18
2023-04-10,40.24
2023-04-11,43.26
2023-04-12,43.26
2023-04-13,40.74
2023-04-14,38.73
2023-04-15,30.18
2023-04-16,33.7
2023-04-17,39.74
2023-04-18,42.25
2023-04-19,42.25
2023-04-20,41.75
2023-04-21,36.72
2023-04-22,32.69
2023-04-23,32.19
2023-04-24,40.74
2023-04-25,42.25
2023-04-26,40.74
2023-04-27,40.24
2023-04-28,37.72
2023-04-29,31.69
2023-04-30,34.2
2023-05-01,40.24
2023-05-02,41.75
2023-05-03,42.75
2023-05-04,41.75
2023-05-05,37.22
2023-05-06,30.18
2023-05-07,31.19
2023-05-08,41.24
2023-05-09,43.26
2023-05-10,41.24
2023-05-11,40.24
2023-05-12,37.72
2023-05-13,29.17
2023-05-14,28.67
2023-05-15,40.24
2023-05-16,39.23
2023-05-17,38.23
2023-05-18,40.24
2023-05-19,35.71
2023-05-20,28.67
2023-05-21,30.18
2023-05-22,38.73
2023-05-23,37.22
2023-05-24,38.23
2023-05-25,39.74
2023-05-26,33.7
2023-05-27,26.66
2023-05-28,26.66
2023-05-29,30.68
2023-05-30,36.22
2023-05-31,38.23
2023-06-01,36.72
2023-06-02,32.69
2023-06-03,27.66
2023-06-04,30.68
2023-06-05,35.71
2023-06-06,36.72
2023-06-07,38.73
2023-06-08,37.72
2023-06-09,33.2
2023-06-10,28.67
2023-06-11,29.17
2023-06-12,36.22
2023-06-13,38.23
2023-06-14,39.74
2023-06-15,36.29
2023-06-16,33.81
2023-06-17,28.83
2023-06-18,28.83
2023-06-19,36.29
2023-06-20,38.78
2023-06-21,41.26
2023-06-22,36.29
2023-06-23,34.8
2023-06-24,28.83
2023-06-25,29.33
2023-06-26,37.29
2023-06-27,40.77
2023-06-28,38.28
2023-06-29,39.27
2023-06-30,33.81
2023-07-01,28.83
2023-07-02,29.33
2023-07-03,32.31
2023-07-04,29.83
2023-07-05,37.78
2023-07-06,38.28
2023-07-07,35.3
2023-07-08,30.33
2023-07-09,29.33
2023-07-10,37.29
2023-07-11,38.28
2023-07-12,38.28
2023-07-13,37.29
2023-07-14,37.78
2023-07-15,27.34
2023-07-16,32.31
2023-07-17,37.78
2023-07-18,38.78
2023-07-19,38.28
2023-07-20,35.79
2023-07-21,35.3
2023-07-22,27.84
2023-07-23,30.33
2023-07-24,38.78
2023-07-25,37.78
2023-07-26,40.77
2023-07-27,36.79
2023-07-28,34.8
2023-07-29,29.83
2023-07-30,30.33
2023-07-31,34.8
2023-08-01,36.79
2023-08-02,37.78
2023-08-03,38.78
2023-08-04,35.79
2023-08-05,31.82
2023-08-06,34.8
2023-08-07,41.76
2023-08-08,41.26
2023-08-09,38.78
2023-08-10,39.27
2023-08-11,36.79
2023-08-12,32.31
2023-08-13,33.31
2023-08-14,37.29
2023-08-15,37.78
2023-08-16,39.77
2023-08-17,39.77
2023-08-18,36.29
2023-08-19,30.82
2023-08-20,29.83
2023-08-21,37.29
2023-08-22,37.29
2023-08-23,41.26
2023-08-24,36.79
2023-08-25,34.3
2023-08-26,28.83
2023-08-27,31.32
2023-08-28,36.79
2023-08-29,36.79
2023-08-30,37.78
2023-08-31,38.28
2023-09-01,34.8
2023-09-02,27.84
2023-09-03,30.33
2023-09-04,31.82
2023-09-05,38.78
2023-09-06,37.78
2023-09-07,38.78
2023-09-08,33.81
2023-09-09,31.82
2023-09-10,32.31
2023-09-11,39.77
2023-09-12,40.77
2023-09-13,41.26
2023-09-14,38.78
2023-09-15,34.8
2023-09-16,29.83
2023-09-17,29.83
2023-09-18,39.77
2023-09-19,41.76
2023-09-20,39.77
2023-09-21,41.76
2023-09-22,36.29
2023-09-23,31.82
2023-09-24,32.81
2023-09-25,39.77
2023-09-26,40.77
2023-09-27,42.26
2023-09-28,42.26
2023-09-29,37.29
2023-09-30,32.31
2023-10-01,30.33
2023-10-02,36.79
2023-10-03,41.26
2023-10-04,41.76
2023-10-05,42.75
2023-10-06,36.29
2023-10-07,30.82
2023-10-08,30.33
2023-10-09,40.27
2023-10-10,39.77
2023-10-11,42.26
2023-10-12,40.77
2023-10-13,35.3
2023-10-14,30.33
2023-10-15,34.3
2023-10-16,39.27
2023-10-17,42.26
2023-10-18,42.26
2023-10-19,42.26
2023-10-20,36.79
2023-10-21,31.32
2023-10-22,33.81
2023-10-23,39.77
2023-10-24,42.26
2023-10-25,43.25
2023-10-26,44.25
2023-10-27,36.29
2023-10-28,29.83
2023-10-29,29.83
2023-10-30,39.77
2023-10-31,40.77
2023-11-01,39.27
2023-11-02,39.77
2023-11-03,37.78
2023-11-04,31.32
2023-11-05,33.31
2023-11-06,41.26
2023-11-07,45.24
2023-11-08,49.71
2023-11-09,43.75
2023-11-10,38.28
2023-11-11,31.82
2023-11-12,33.88
2023-11-13,41.1
2023-11-14,43.81
2023-11-15,45.17
2023-11-16,44.72
2023-11-17,39.3
2023-11-18,32.07
2023-11-19,33.88
2023-11-20,39.3
2023-11-21,40.2
2023-11-22,35.23
2023-11-23,24.84
2023-11-24,28.0
2023-11-25,28.46
2023-11-26,32.97
2023-11-27,40.2
2023-11-28,42.91
2023-11-29,42.01
2023-11-30,42.91
2023-12-01,38.85
2023-12-02,32.97
2023-12-03,32.52
2023-12-04,42.01
2023-12-05,41.56
2023-12-06,43.81
2023-12-07,42.01
2023-12-08,40.2
2023-12-09,32.97
2023-12-10,34.33
2023-12-11,40.2
2023-12-12,43.36
2023-12-13,41.1
2023-12-14,39.75
2023-12-15,36.14
2023-12-16,28.91
2023-12-17,28.46
2023-12-18,35.68
2023-12-19,37.04
2023-12-20,34.33
2023-12-21,34.33
2023-12-22,30.26
2023-12-23,27.55
2023-12-24,24.84
2023-12-25,23.94
2023-12-26,28.46
2023-12-27,32.52
2023-12-28,32.07
2023-12-29,32.97
2023-12-30,29.81
2023-12-31,27.1
2024-01-01,25.29
2024-01-02,35.68
2024-01-03,37.49
2024-01-04,38.39
2024-01-05,36.14
2024-01-06,30.71
2024-01-07,28.91
2024-01-08,35.68
2024-01-09,35.68
2024-01-10,37.94
2024-01-11,40.2
2024-01-12,36.59
2024-01-13,28.46
2024-01-14,29.36
2024-01-15,28.91
2024-01-16,35.68
2024-01-17,37.49
2024-01-18,40.2
2024-01-19,39.3
2024-01-20,32.07
2024-01-21,31.62
2024-01-22,38.85
2024-01-23,38.85
2024-01-24,41.56
2024-01-25,41.56
2024-01-26,38.39
2024-01-27,32.07
2024-01-28,31.62
2024-01-29,39.75
2024-01-30,43.81
2024-01-31,42.01
2024-02-01,42.46
2024-02-02,37.94
2024-02-03,32.52
2024-02-04,33.43
2024-02-05,40.2
2024-02-06,41.56
2024-02-07,43.36
2024-02-08,40.2
2024-02-09,39.75
2024-02-10,30.26
2024-02-11,32.97
2024-02-12,35.68
2024-02-13,43.36
2024-02-14,38.39
2024-02-15,43.81
2024-02-16,42.46
2024-02-17,32.52
2024-02-18,34.33
2024-02-19,41.1
2024-02-20,42.01
2024-02-21,43.81
2024-02-22,42.91
2024-02-23,42.46
2024-02-24,34.33
2024-02-25,33.88
2024-02-26,42.91
2024-02-27,45.17
2024-02-28,42.46
2024-02-29,42.91
2024-03-01,37.94
2024-03-02,33.43
2024-03-03,32.52
2024-03-04,39.3
2024-03-05,40.65
2024-03-06,40.2
2024-03-07,41.56
2024-03-08,37.94
2024-03-09,32.07
2024-03-10,32.97
2024-03-11,39.75
2024-03-12,43.81
2024-03-13,42.01
2024-03-14,39.3
2024-03-15,36.14
2024-03-16,31.17
2024-03-17,32.97
2024-03-18,42.01
2024-03-19,40.2
2024-03-20,44.27
2024-03-21,40.65
2024-03-22,39.3
2024-03-23,32.07
2024-03-24,34.33
2024-03-25,40.2
2024-03-26,41.1
2024-03-27,40.65
2024-03-28,39.3
2024-03-29,37.04
2024-03-30,31.17
2024-03-31,29.81
2024-04-01,39.3
2024-04-02,40.65
2024-04-03,42.91
2024-04-04,42.91
2024-04-05,36.59
2024-04-06,31.62
2024-04-07,32.52
2024-04-08,36.14
2024-04-09,40.2
2024-04-10,41.94
2024-04-11,43.3
2024-04-12,37.88
2024-04-13,32.92
2024-04-14,32.02
2024-04-15,42.85
2024-04-16,41.49
2024-04-17,45.1
2024-04-18,40.59
2024-04-19,39.24
2024-04-20,32.02
2024-04-21,34.73
2024-04-22,41.49
2024-04-23,43.75
2024-04-24,42.39
2024-04-25,42.39
2024-04-26,38.34
2024-04-27,30.67
2024-04-28,36.08
2024-04-29,41.94
2024-04-30,42.39
2024-05-01,41.49
2024-05-02,40.14
2024-05-03,37.88
2024-05-04,28.86
2024-05-05,30.67
2024-05-06,38.79
2024-05-07,37.43
2024-05-08,39.69
2024-05-09,39.69
2024-05-10,34.73
2024-05-11,27.51
2024-05-12,28.86
2024-05-13,36.08
2024-05-14,40.14
2024-05-15,41.04
2024-05-16,38.34
2024-05-17,37.43
2024-05-18,30.22
2024-05-19,30.67
2024-05-20,38.34
2024-05-21,39.24
2024-05-22,38.79
2024-05-23,37.88
2024-05-24,34.73
2024-05-25,28.86
2024-05-26,28.86
2024-05-27,31.57
2024-05-28,37.88
2024-05-29,39.69
2024-05-30,38.34
2024-05-31,33.37
2024-06-01,28.41
2024-06-02,29.77
2024-06-03,35.18
2024-06-04,37.88
2024-06-05,38.34
2024-06-06,37.43
2024-06-07,34.73
2024-06-08,31.12
2024-06-09,30.22
2024-06-10,37.88
2024-06-11,42.39
2024-06-12,38.34
2024-06-13,37.43
2024-06-14,33.37
2024-06-15,28.86
2024-06-16,32.47
2024-06-17,37.43
2024-06-18,36.98
2024-06-19,37.43
2024-06-20,38.79
2024-06-21,36.98
2024-06-22,31.12
2024-06-23,31.12
2024-06-24,39.24
2024-06-25,39.69
2024-06-26,38.34
2024-06-27,39.24
2024-06-28,33.83
2024-06-29,31.12
2024-06-30,30.67
2024-07-01,37.43
2024-07-02,37.88
2024-07-03,36.53
2024-07-04,29.32
2024-07-05,32.02
2024-07-06,29.32
2024-07-07,33.83
2024-07-08,38.34
2024-07-09,39.69
2024-07-10,39.69
2024-07-11,40.14
2024-07-12,37.88
2024-07-13,31.12
2024-07-14,31.57
2024-07-15,34.28
2024-07-16,38.79
2024-07-17,39.24
2024-07-18,40.14
2024-07-19,34.73
2024-07-20,30.22
2024-07-21,29.77
2024-07-22,35.63
2024-07-23,38.34
2024-07-24,39.24
2024-07-25,39.24
2024-07-26,35.18
2024-07-27,27.51
2024-07-28,31.12
2024-07-29,38.34
2024-07-30,37.88
2024-07-31,37.88
2024-08-01,34.28
2024-08-02,33.83
2024-08-03,27.96
2024-08-04,30.67
2024-08-05,37.88
2024-08-06,36.53
2024-08-07,39.24
2024-08-08,35.63
2024-08-09,32.47
2024-08-10,29.32
2024-08-11,28.86
2024-08-12,37.43
2024-08-13,38.79
2024-08-14,38.34
2024-08-15,38.79
2024-08-16,35.18
2024-08-17,30.22
2024-08-18,28.86
2024-08-19,36.53
2024-08-20,36.98
2024-08-21,37.43
2024-08-22,38.34
2024-08-23,35.63
2024-08-24,30.67
2024-08-25,30.22
2024-08-26,39.24
2024-08-27,39.69
2024-08-28,40.14
2024-08-29,38.79
2024-08-30,34.28
2024-08-31,27.96
2024-09-01,30.67
2024-09-02,31.57
2024-09-03,36.53
2024-09-04,40.14
2024-09-05,40.14
2024-09-06,36.98
2024-09-07,29.63
2024-09-08,30.63
2024-09-09,38.17
2024-09-10,40.17
2024-09-11,38.67
2024-09-12,39.17
2024-09-13,37.16
2024-09-14,30.63
2024-09-15,30.63
2024-09-16,39.67
2024-09-17,40.17
2024-09-18,42.69
2024-09-19,39.67
2024-09-20,38.67
2024-09-21,32.14
2024-09-22,32.14
2024-09-23,39.17
2024-09-24,42.69
2024-09-25,40.68
2024-09-26,39.67
2024-09-27,37.66
2024-09-28,30.63
2024-09-29,30.63
2024-09-30,38.67
2024-10-01,38.17
2024-10-02,40.17
2024-10-03,40.17
2024-10-04,37.66
2024-10-05,29.63
2024-10-06,32.14
2024-10-07,39.67
2024-10-08,40.68
2024-10-09,42.18
2024-10-10,38.67
2024-10-11,37.66
2024-10-12,34.15
2024-10-13,34.65
2024-10-14,39.17
2024-10-15,43.69
2024-10-16,41.68
2024-10-17,46.2
2024-10-18,41.68
2024-10-19,32.14
2024-10-20,34.15
2024-10-21,45.2
2024-10-22,43.19
2024-10-23,44.19
2024-10-24,44.19
2024-10-25,38.17
2024-10-26,31.64
2024-10-27,34.65
2024-10-28,43.19
2024-10-29,43.69
2024-10-30,44.19
2024-10-31,39.17
2024-11-01,38.67
2024-11-02,34.15
2024-11-03,34.15
2024-11-04,43.69
2024-11-05,38.17
2024-11-06,29.13
2024-11-07,40.68
2024-11-08,38.17
2024-11-09,31.14
2024-11-10,33.14
2024-11-11,41.68
2024-11-12,44.69
2024-11-13,44.69
2024-11-14,43.69
2024-11-15,39.17
2024-11-16,30.13
2024-11-17,33.65
2024-11-18,42.18
2024-11-19,44.19
2024-11-20,45.2
2024-11-21,42.69
2024-11-22,37.66
2024-11-23,31.14
2024-11-24,32.64
2024-11-25,38.17
2024-11-26,38.17
2024-11-27,35.15
2024-11-28,26.11
2024-11-29,27.12
2024-11-30,29.13
2024-12-01,31.64
2024-12-02,37.66
2024-12-03,41.68
2024-12-04,41.18
2024-12-05,42.18
2024-12-06,39.67
2024-12-07,30.63
2024-12-08,34.65
2024-12-09,40.17
2024-12-10,42.18
2024-12-11,40.17
2024-12-12,41.68
2024-12-13,37.16
2024-12-14,31.14
2024-12-15,28.12
2024-12-16,37.66
2024-12-17,37.16
2024-12-18,37.16
2024-12-19,36.66
2024-12-20,32.14
2024-12-21,28.62
2024-12-22,27.12
2024-12-23,30.13
2024-12-24,27.12
2024-12-25,21.59
2024-12-26,30.63
2024-12-27,33.65
2024-12-28,29.13
2024-12-29,28.62
2024-12-30,34.65
2024-12-31,32.14
2025-01-01,27.12
2025-01-02,34.65
2025-01-03,36.66
2025-01-04,31.64
2025-01-05,30.63
2025-01-06,34.65
2025-01-07,38.67
2025-01-08,36.16
2025-01-09,37.66
2025-01-10,36.66
2025-01-11,30.13
2025-01-12,31.14
2025-01-13,37.16
2025-01-14,39.67
2025-01-15,40.17
2025-01-16,39.67
2025-01-17,39.17
2025-01-18,32.14
2025-01-19,29.13
2025-01-20,34.65
2025-01-21,38.67
2025-01-22,40.68
2025-01-23,42.69
2025-01-24,40.17
2025-01-25,37.66
2025-01-26,38.17
2025-01-27,45.7
2025-01-28,47.71
2025-01-29,47.71
2025-01-30,46.2
2025-01-31,44.19
2025-02-01,39.17
2025-02-02,39.67
2025-02-03,43.19
2025-02-04,47.38
2025-02-05,50.09
2025-02-06,46.7
2025-02-07,41.29
2025-02-08,36.55
2025-02-09,35.2
2025-02-10,39.26
2025-02-11,43.32
2025-02-12,45.35
2025-02-13,42.64
2025-02-14,39.26
2025-02-15,35.2
2025-02-16,34.52
2025-02-17,40.61
2025-02-18,44.67
2025-02-19,46.03
2025-02-20,44.67
2025-02-21,44.0
2025-02-22,37.9
2025-02-23,36.55
2025-02-24,46.03
2025-02-25,44.67
2025-02-26,44.0
2025-02-27,44.67
2025-02-28,39.26
2025-03-01,35.87
2025-03-02,33.84
2025-03-03,41.96
2025-03-04,41.96
2025-03-05,44.0
2025-03-06,44.67
2025-03-07,39.93
2025-03-08,33.17
2025-03-09,35.2
2025-03-10,42.64
2025-03-11,44.0
2025-03-12,44.67
2025-03-13,42.64
2025-03-14,37.9
2025-03-15,33.84
2025-03-16,36.55
2025-03-17,44.67
2025-03-18,44.0
2025-03-19,45.35
2025-03-20,45.35
2025-03-21,40.61
2025-03-22,36.55
2025-03-23,37.23
2025-03-24,45.35
2025-03-25,46.03
2025-03-26,44.67
2025-03-27,46.03
2025-03-28,41.96
2025-03-29,35.2
2025-03-30,36.55
2025-03-31,43.32
2025-04-01,43.32
2025-04-02,42.64
2025-04-03,42.64
2025-04-04,39.93
2025-04-05,32.49
2025-04-06,35.2
2025-04-07,42.64
2025-04-08,44.67
2025-04-09,45.35
2025-04-10,42.64
2025-04-11,43.32
2025-04-12,34.52
2025-04-13,35.87
2025-04-14,44.0
2025-04-15,46.03
2025-04-16,45.35
2025-04-17,44.0
2025-04-18,39.93
2025-04-19,33.84
2025-04-20,33.84
2025-04-21,42.64
2025-04-22,46.03
2025-04-23,46.03
2025-04-24,46.7
2025-04-25,40.61
2025-04-26,34.52
2025-04-27,36.55
2025-04-28,45.35
2025-04-29,44.67
2025-04-30,43.32
2025-05-01,44.0
2025-05-02,39.26
2025-05-03,33.17
2025-05-04,35.2
2025-05-05,43.32
2025-05-06,44.0
2025-05-07,45.35
2025-05-08,43.32
2025-05-09,39.93
2025-05-10,34.52
2025-05-11,33.17
2025-05-12,43.32
2025-05-13,41.96
2025-05-14,45.35
2025-05-15,42.64
2025-05-16,39.26
2025-05-17,33.84
2025-05-18,33.84
2025-05-19,40.61
2025-05-20,41.29
2025-05-21,44.67
2025-05-22,41.96
2025-05-23,39.93
2025-05-24,31.14
2025-05-25,35.2
2025-05-26,33.84
2025-05-27,40.61
2025-05-28,41.96
2025-05-29,41.96
2025-05-30,35.2
2025-05-31,32.49
2025-06-01,33.84
2025-06-02,41.29
2025-06-03,41.96
2025-06-04,40.61
2025-06-05,43.32
2025-06-06,38.58
2025-06-07,33.17
2025-06-08,36.55
2025-06-09,41.29
2025-06-10,43.32
2025-06-11,41.29
2025-06-12,44.0
2025-06-13,39.93
2025-06-14,33.84
2025-06-15,35.2
2025-06-16,44.0
2025-06-17,44.0
2025-06-18,40.61
2025-06-19,39.26
2025-06-20,40.61
2025-06-21,34.52
2025-06-22,31.81
2025-06-23,39.93
2025-06-24,44.67
2025-06-25,42.64
2025-06-26,44.0
2025-06-27,39.26
2025-06-28,34.52
2025-06-29,34.52
2025-06-30,41.96
2025-07-01,41.96
2025-07-02,43.32
2025-07-03,40.61
2025-07-04,33.17
2025-07-05,35.87
2025-07-06,39.26
2025-07-07,44.0
2025-07-08,45.35
2025-07-09,47.38
2025-07-10,46.7
2025-07-11,43.32
2025-07-12,37.9
2025-07-13,39.26
2025-07-14,44.0
2025-07-15,44.0
2025-07-16,44.67
2025-07-17,52.79
2025-07-18,39.93
2025-07-19,40.61
2025-07-20,44.0
2025-07-21,50.09
2025-07-22,50.09
2025-07-23,51.44
2025-07-24,46.7
2025-07-25,46.03
2025-07-26,43.32
2025-07-27,45.35
2025-07-28,48.06
2025-07-29,53.47
2025-07-30,58.89
2025-07-31,67.69
2025-08-01,50.09
2025-08-02,34.52
2025-08-03,35.87
2025-08-04,41.96
2025-08-05,47.38
2025-08-06,49.41
2025-08-07,44.67
2025-08-08,44.0
2025-08-09,41.96
2025-08-10,38.58
2025-08-11,46.03
2025-08-12,41.96
2025-08-13,44.67
2025-08-14,44.67
2025-08-15,39.93
2025-08-16,35.2
2025-08-17,33.84
2025-08-18,39.93
2025-08-19,42.64
2025-08-20,41.96
2025-08-21,42.64
2025-08-22,37.9
2025-08-23,35.2
2025-08-24,35.2
2025-08-25,43.32
2025-08-26,43.32
2025-08-27,46.7
2025-08-28,45.35
2025-08-29,39.93
2025-08-30,33.84
2025-08-31,33.17
2025-09-01,35.87
2025-09-02,44.0
2025-09-03,44.0
2025-09-04,43.32
2025-09-05,40.61
2025-09-06,34.52
2025-09-07,33.84
2025-09-08,45.35
2025-09-09,46.03
2025-09-10,47.38
2025-09-11,44.67
2025-09-12,41.29
2025-09-13,33.84
2025-09-14,33.84
2025-09-15,41.96
2025-09-16,46.7
2025-09-17,47.38
2025-09-18,46.03
2025-09-19,44.0
2025-09-20,38.58
2025-09-21,37.9
2025-09-22,47.38
2025-09-23,48.73
2025-09-24,47.38
2025-09-25,45.35
2025-09-26,46.03
2025-09-27,37.23
2025-09-28,35.87
2025-09-29,46.7
2025-09-30,47.38
2025-10-01,48.06
2025-10-02,47.38
2025-10-03,40.61
2025-10-04,31.14
2025-10-05,32.49
2025-10-06,43.32
2025-10-07,45.35
2025-10-08,48.06
2025-10-09,46.03
2025-10-10,39.26
2025-10-11,33.17
2025-10-12,34.52
2025-10-13,42.64
2025-10-14,44.0
2025-10-15,44.67
2025-10-16,45.35
2025-10-17,41.96
2025-10-18,33.84
2025-10-19,35.2
2025-10-20,44.0
2025-10-21,46.03
2025-10-22,46.7
2025-10-23,48.06
2025-10-24,41.96
2025-10-25,33.17
2025-10-26,33.84
2025-10-27,44.0
2025-10-28,44.0
2025-10-29,48.06
2025-10-30,48.73
2025-10-31,42.64
2025-11-01,33.84
2025-11-02,41.29
2025-11-03,52.79
2025-11-04,52.12
2025-11-05,52.79
2025-11-06,50.09
2025-11-07,47.38
2025-11-08,37.9
2025-11-09,39.93
2025-11-10,47.38
2025-11-11,48.06
2025-11-12,50.76
2025-11-13,49.41
2025-11-14,46.7
2025-11-15,39.26
2025-11-16,41.96
2025-11-17,49.41
2025-11-18,50.09
2025-11-19,50.09
2025-11-20,52.12
2025-11-21,46.03
2025-11-22,38.58
2025-11-23,40.61
2025-11-24,47.38
2025-11-25,47.38
2025-11-26,44.0
2025-11-27,36.55
2025-11-28,35.2
2025-11-29,37.23
2025-11-30,38.58
2025-12-01,48.06
2025-12-02,48.73
2025-12-03,52.12
2025-12-04,54.15
2025-12-05,47.38
2025-12-06,43.32
2025-12-07,41.96
2025-12-08,48.06
2025-12-09,48.73
2025-12-10,50.09
2025-12-11,50.76
2025-12-12,46.03
2025-12-13,41.29
2025-12-14,37.23
2025-12-15,45.35
2025-12-16,44.67
2025-12-17,46.03
2025-12-18,48.06
2025-12-19,41.29
2025-12-20,37.23
2025-12-21,35.87
2025-12-22,41.29
2025-12-23,39.26
2025-12-24,34.52
2025-12-25,29.78
2025-12-26,34.52
2025-12-27,37.23
2025-12-28,36.55
2025-12-29,41.96
2025-12-30,44.67
2025-12-31,41.29
